<?xml version="1.0" encoding="UTF-8"?>
<!DOCTYPE suite SYSTEM "https://testng.org/testng-1.0.dtd">
<suite name="Suite">
<listeners>
    <listener class-name= "Selenium.Started.Nov.RetryListener"></listener>
</listeners>
  <test thread-count="5" name="Test">
    <classes>
      <class name="Selenium.Started.Nov.Verify_Dashboard_Subscribe"/>
      <class name="Selenium.Started.Nov.Verify_Dashboards_sort_order_by_Dashboard_name"/>
    </classes>
  </test> <!-- Test -->
</suite> <!-- Suite -->
