<?xml version="1.0" encoding="UTF-8"?>
<!DOCTYPE suite SYSTEM "https://testng.org/testng-1.0.dtd">
<suite name="Suite">
<parameter name ="url" value = "https://login.salesforce.com"></parameter>
<parameter name ="username" value = "makaia@testleaf.com"></parameter>
<parameter name ="password" value = "SelBootcamp$1234"></parameter>
  <test thread-count="5" name="Test">
    <classes>
      <class name="Selenium.Started.Nov.Create_Individuals"/>
      <class name="Selenium.Started.Nov.CreateLegalEntity"/>
    </classes>
  </test> <!-- Test -->
</suite> <!-- Suite -->
